<?xml version="1.0" encoding="UTF-8"?>
<!DOCTYPE hibernate-configuration PUBLIC
"-//Hibernate/Hibernate Configuration DTD//EN"
"http://hibernate.sourceforge.net/hibernate-configuration-3.0.dtd">
<hibernate-configuration>
  <session-factory>
    <property name="hibernate.connection.driver_class">com.mysql.jdbc.Driver</property>
    <property name="hibernate.connection.url">jdbc:mysql://localhost:3306/ecommerce</property>
    <property name="hibernate.connection.username">root</property>
    <property name="hibernate.connection.password">Agent047</property>
    <property name="hibernate.dialect">org.hibernate.dialect.MySQLDialect</property>
    <mapping resource="Product.hbm.xml"/>
  </session-factory>
</hibernate-configuration>
